ID,Prediction
9011998,1.7246462106704712
1000050,0.9499565958976746
9012304,2.2025368213653564
9011050,1.4681440591812134
9009743,0.7690801024436951
1000041,0.9817743301391602
1507756,1.894673466682434
7206075,1.6966915130615234
9000046,1.996976375579834
1101051,1.526410460472107
